Topics,Coherence
14,0.3871217407990079
16,0.41440194222220283
18,0.40019949354954604
20,0.39122271849797563
22,0.36811389976741304
