Topics,Coherence
14,0.30796821147005554
16,0.27878066000890267
18,0.32415427471787817
20,0.30542432594585467
22,0.30677481156917114
